[
  {
    "userName": "ashley",
    "phoneNumber": "4152637897",
    "email": "ashley@company.com",
    "token": 1108630673,
    "created": "23-Feb-2022 13:52:48",
    "expires": "26-Feb-2022 13:52:48",
    "confirmed": false
  },
  {
    "userName": "adamtest",
    "phoneNumber": "1234567890",
    "email": "adamtest@company.com",
    "token": 1571543465,
    "created": "24-Feb-2022 14:12:59",
    "expires": "27-Feb-2022 14:12:59",
    "confirmed": false
  },
  {
    "userName": "bryantest",
    "phoneNumber": "7894561230",
    "email": "bryantest@company.com",
    "token": 529009242,
    "created": "24-Feb-2022 14:18:22",
    "expires": "27-Feb-2022 14:18:22",
    "confirmed": false
  },
  {
    "userName": "ben",
    "phoneNumber": "4567891230",
    "email": "ben@company.com",
    "token": 110237153,
    "created": "24-Feb-2022 12:14:23",
    "expires": "27-Feb-2022 12:14:23",
    "confirmed": false
  },
  {
    "userName": "caroltest",
    "phoneNumber": "4567891230",
    "email": "caroltest@company.com",
    "token": 3087683131,
    "created": "24-Feb-2022 14:21:59",
    "expires": "27-Feb-2022 14:21:59",
    "confirmed": true
  },
  {
    "userName": "dudeguy",
    "phoneNumber": "4567891234",
    "email": "dudeguy@company.com",
    "token": 4013515976,
    "created": "24-Feb-2022 12:57:38",
    "expires": "27-Feb-2022 12:57:38",
    "confirmed": false
  },
  {
    "userName": "finaltest",
    "phoneNumber": "9996663333",
    "email": "finaltest@company.com",
    "token": 3138160395,
    "created": "24-Feb-2022 14:24:31",
    "expires": "27-Feb-2022 14:24:31",
    "confirmed": true
  },
  {
    "userName": "kyle",
    "phoneNumber": "4567899123",
    "email": "kyle@company.com",
    "token": 1658015165,
    "created": "23-Feb-2022 13:59:37",
    "expires": "26-Feb-2022 13:59:37",
    "confirmed": false
  },
  {
    "userName": "maryblige",
    "phoneNumber": "8675309666",
    "email": "maryblige@company.com",
    "token": 3269377021,
    "created": "24-Feb-2022 13:45:6",
    "expires": "27-Feb-2022 13:45:6",
    "confirmed": false
  },
  {
    "userName": "manyattempts",
    "phoneNumber": "356898989",
    "email": "manyattempts@company.com",
    "token": 364485425,
    "created": "24-Feb-2022 13:11:50",
    "expires": "27-Feb-2022 13:11:50",
    "confirmed": false
  },
  {
    "userName": "markham",
    "phoneNumber": "4445556666",
    "email": "markham@company.com",
    "token": 3534827666,
    "created": "24-Feb-2022 13:7:50",
    "expires": "27-Feb-2022 13:7:50",
    "confirmed": false
  },
  {
    "userName": "maybenow",
    "phoneNumber": "1234567899",
    "email": "maybenow@company.com",
    "token": 2925995930,
    "created": "24-Feb-2022 13:13:44",
    "expires": "27-Feb-2022 13:13:44",
    "confirmed": false
  },
  {
    "userName": "stephen",
    "phoneNumber": "7097289060",
    "email": "stephen@company.com",
    "token": 519457691,
    "created": "24-Feb-2022 11:29:26",
    "expires": "27-Feb-2022 11:29:26",
    "confirmed": false
  },
  {
    "userName": "zach",
    "phoneNumber": "5556557890",
    "email": "zach@company.com",
    "token": 1634398205,
    "created": "23-Feb-2022 16:7:42",
    "expires": "26-Feb-2022 16:7:42",
    "confirmed": false
  }
]
